"Company","Year","Oil_Production_Aggregate","Well_Numbers","Active_Wells"
"1776 ENERGY OPERATORS, LLC",2012,46253,1,1
"1776 ENERGY OPERATORS, LLC",2013,39887,1,1
"1776 ENERGY OPERATORS, LLC",2014,527054,5,5
"1776 ENERGY OPERATORS, LLC",2015,359741,7,7
"ABRAXAS PETROLEUM CORPORATION",2005,33,1,1
"ABRAXAS PETROLEUM CORPORATION",2006,0,1,0
"ABRAXAS PETROLEUM CORPORATION",2007,0,1,0
"ABRAXAS PETROLEUM CORPORATION",2008,0,3,0
"ABRAXAS PETROLEUM CORPORATION",2009,827,3,1
"ABRAXAS PETROLEUM CORPORATION",2010,790,3,1
"ABRAXAS PETROLEUM CORPORATION",2011,69702,5,3
"ABRAXAS PETROLEUM CORPORATION",2012,107526,10,8
"ABRAXAS PETROLEUM CORPORATION",2013,547104,18,16
"ABRAXAS PETROLEUM CORPORATION",2014,1096351,29,27
"ABRAXAS PETROLEUM CORPORATION",2015,744554,32,31
"ACOCK/ANAQUA OPERATING CO., LP",2010,1179,1,1
"ACOCK/ANAQUA OPERATING CO., LP",2011,911,1,1
"ACOCK/ANAQUA OPERATING CO., LP",2012,651,1,1
"ACOCK/ANAQUA OPERATING CO., LP",2013,632,1,1
"ACOCK/ANAQUA OPERATING CO., LP",2014,769,1,1
"ACOCK/ANAQUA OPERATING CO., LP",2015,525,1,1
"ACTIVA RESOURCES, LLC",2006,0,1,0
"ACTIVA RESOURCES, LLC",2007,0,1,0
"ACTIVA RESOURCES, LLC",2009,0,1,0
"ACTIVA RESOURCES, LLC",2010,0,1,0
"ACTIVA RESOURCES, LLC",2011,0,1,0
"ACTIVA RESOURCES, LLC",2012,0,1,0
"ACTIVA RESOURCES, LLC",2013,0,1,0
"ACTIVA RESOURCES, LLC",2014,0,1,0
"AKG OPERATING COMPANY",2007,6872,1,1
"AKG OPERATING COMPANY",2008,3632,1,1
"AKG OPERATING COMPANY",2009,1397,1,1
"AKG OPERATING COMPANY",2010,726,1,1
"AKG OPERATING COMPANY",2011,624,1,1
"AKG OPERATING COMPANY",2012,2928,2,2
"AKG OPERATING COMPANY",2013,14557,2,2
"AKG OPERATING COMPANY",2014,9398,1,1
"AKG OPERATING COMPANY",2015,5027,2,2
"ALAMO OPERATING COMPANY, L. C.",2009,8489,1,1
"ALAMO OPERATING COMPANY, L. C.",2010,13156,2,2
"ALAMO OPERATING COMPANY, L. C.",2011,12519,3,3
"ALAMO OPERATING COMPANY, L. C.",2012,10882,3,3
"ALAMO OPERATING COMPANY, L. C.",2013,4702,2,2
"ALAMO OPERATING COMPANY, L. C.",2014,3800,1,1
"ALAMO OPERATING COMPANY, L. C.",2015,2143,1,1
"ANADARKO E&P COMPANY LP",2005,51,3,1
"ANADARKO E&P COMPANY LP",2006,58,4,1
"ANADARKO E&P COMPANY LP",2007,7,4,1
"ANADARKO E&P COMPANY LP",2008,4211,5,1
"ANADARKO E&P COMPANY LP",2009,131392,13,9
"ANADARKO E&P COMPANY LP",2010,1572425,109,105
"ANADARKO E&P COMPANY LP",2011,6685194,263,258
"ANADARKO E&P COMPANY LP",2012,12337982,483,476
"ANADARKO E&P COMPANY LP",2013,13546547,663,655
"ANADARKO E&P COMPANY LP",2014,14294241,719,711
"ANADARKO E&P COMPANY LP",2015,8408585,719,709
"ANADARKO E&P ONSHORE LLC",2009,7292,4,4
"ANADARKO E&P ONSHORE LLC",2010,179042,74,74
"ANADARKO E&P ONSHORE LLC",2011,362921,74,74
"ANADARKO E&P ONSHORE LLC",2012,121622,43,43
"ANADARKO E&P ONSHORE LLC",2013,305810,89,89
"ANADARKO E&P ONSHORE LLC",2014,11636996,372,372
"ANADARKO E&P ONSHORE LLC",2015,23163971,620,620
"ANADARKO PETROLEUM CORPORATION",2011,11414,1,1
"ANADARKO PETROLEUM CORPORATION",2012,72305,1,1
"ANADARKO PETROLEUM CORPORATION",2013,29258,1,1
"ANADARKO PETROLEUM CORPORATION",2014,23078,1,1
"ANADARKO PETROLEUM CORPORATION",2015,1653,1,1
"ANATEXAS OFFSHORE, INC.",2013,55,1,1
"ANATEXAS OFFSHORE, INC.",2014,62,1,1
"APACHE CORPORATION",2008,22787,6,6
"APACHE CORPORATION",2009,60281,6,6
"APACHE CORPORATION",2010,34528,6,6
"APACHE CORPORATION",2011,24820,6,6
"APACHE CORPORATION",2012,19929,6,6
"APACHE CORPORATION",2013,40457,6,6
"APACHE CORPORATION",2014,397794,19,19
"APACHE CORPORATION",2015,688245,27,27
"ARGENT ENERGY (US) HOLDINGS INC.",2012,24587,5,5
"ARGENT ENERGY (US) HOLDINGS INC.",2013,266817,13,13
"ARGENT ENERGY (US) HOLDINGS INC.",2014,433972,16,16
"ARGENT ENERGY (US) HOLDINGS INC.",2015,238874,15,15
"ATERRA EXPLORATION, LLC",2013,287,1,1
"ATERRA EXPLORATION, LLC",2014,206,1,1
"ATINUM OPERATING, INC.",2010,802,1,1
"ATINUM OPERATING, INC.",2011,166,1,1
"ATINUM OPERATING, INC.",2012,9,1,1
"AURORA RESOURCES CORPORATION",2010,7736,2,2
"AURORA RESOURCES CORPORATION",2011,117496,4,4
"AURORA RESOURCES CORPORATION",2012,94055,5,5
"AURORA RESOURCES CORPORATION",2013,103466,5,5
"AURORA RESOURCES CORPORATION",2014,158771,5,5
"AURORA RESOURCES CORPORATION",2015,126595,5,5
"AURORA USA DEVELOPMENT, LLC",2010,3684,4,4
"AURORA USA DEVELOPMENT, LLC",2011,82308,14,14
"AURORA USA DEVELOPMENT, LLC",2012,158010,14,14
"AURORA USA DEVELOPMENT, LLC",2013,165044,14,14
"AURORA USA DEVELOPMENT, LLC",2014,557000,14,14
"AURORA USA DEVELOPMENT, LLC",2015,178552,14,14
"AWP OPERATING COMPANY",2011,11996,2,2
"AWP OPERATING COMPANY",2012,35809,3,3
"AWP OPERATING COMPANY",2013,9470,3,3
"AWP OPERATING COMPANY",2014,24668,3,3
"AWP OPERATING COMPANY",2015,12812,3,3
"BASS ENTERPRISES PRODUCTION CO.",2005,35,1,1
"BASS ENTERPRISES PRODUCTION CO.",2006,87,1,1
"BASS ENTERPRISES PRODUCTION CO.",2007,192,1,1
"BATTLECAT OIL & GAS, LLC",2015,18149,1,1
"BENCHMARK TEXAS PETROLEUM, LLC.",2011,1160,4,4
"BENCHMARK TEXAS PETROLEUM, LLC.",2012,1640,4,4
"BENCHMARK TEXAS PETROLEUM, LLC.",2013,596,4,4
"BENCHMARK TEXAS PETROLEUM, LLC.",2014,368,4,4
"BENCHMARK TEXAS PETROLEUM, LLC.",2015,208,4,4
"BHP BILLITON PET(TXLA OP) CO",2010,82576,4,4
"BHP BILLITON PET(TXLA OP) CO",2011,837791,33,33
"BHP BILLITON PET(TXLA OP) CO",2012,2368993,98,98
"BHP BILLITON PET(TXLA OP) CO",2013,2724817,103,103
"BHP BILLITON PET(TXLA OP) CO",2014,9755041,155,155
"BHP BILLITON PET(TXLA OP) CO",2015,33306180,335,335
"BIG SHELL OIL & GAS, INC.",2012,9194,1,1
"BIG SHELL OIL & GAS, INC.",2013,3733,1,1
"BIG SHELL OIL & GAS, INC.",2014,2090,1,1
"BIG SHELL OIL & GAS, INC.",2015,1229,1,1
"BLACKBIRD OIL & GAS, LLC.",2007,60,2,2
"BLACKBIRD OIL & GAS, LLC.",2008,76,2,2
"BLACKBIRD OIL & GAS, LLC.",2013,14,2,2
"BLACKBIRD OIL & GAS, LLC.",2014,90,2,2
"BLACKBIRD OIL & GAS, LLC.",2015,70,2,2
"BLACKBRUSH O & G, INC.",2008,1170,6,6
"BLACKBRUSH O & G, INC.",2009,1680,6,6
"BLACKBRUSH O & G, INC.",2010,21210,8,8
"BLACKBRUSH O & G, INC.",2011,200495,20,20
"BLACKBRUSH O & G, INC.",2012,463575,29,29
"BLACKBRUSH O & G, INC.",2013,292803,30,30
"BLACKBRUSH O & G, INC.",2014,220873,29,29
"BLACKBRUSH O & G, INC.",2015,113516,30,30
"BLACKBRUSH O & G, LLC",2007,2875,5,5
"BLACKBRUSH O & G, LLC",2008,4280,16,16
"BLACKBRUSH O & G, LLC",2009,4700,16,16
"BLACKBRUSH O & G, LLC",2010,3594,16,16
"BLACKBRUSH O & G, LLC",2011,26734,17,17
"BLACKBRUSH O & G, LLC",2012,179854,26,26
"BLACKBRUSH O & G, LLC",2013,420055,39,32
"BLACKBRUSH O & G, LLC",2014,965618,42,41
"BLACKBRUSH O & G, LLC",2015,1979867,57,57
"BLUE STAR OPERATING COMPANY",2005,8583,1,1
"BLUE STAR OPERATING COMPANY",2006,2619,3,3
"BLUE STAR OPERATING COMPANY",2007,961,3,3
"BLUE STAR OPERATING COMPANY",2008,799,2,2
"BLUE STAR OPERATING COMPANY",2009,100,1,1
"BLUESTONE NATURAL RES. II, LLC",2013,1,1,1
"BLUESTONE NATURAL RES. II, LLC",2014,48,1,1
"BRAMMER ENGINEERING, INC.",2008,28860,3,3
"BRAMMER ENGINEERING, INC.",2009,95742,3,3
"BRAMMER ENGINEERING, INC.",2010,60591,5,5
"BRAMMER ENGINEERING, INC.",2011,41566,5,5
"BRAMMER ENGINEERING, INC.",2012,6900,5,5
"BRAMMER ENGINEERING, INC.",2013,2698,4,4
"BRAMMER ENGINEERING, INC.",2014,1224,4,4
"BRAMMER ENGINEERING, INC.",2015,792,4,4
"BRC OPERATING COMPANY LLC",2011,7059,13,13
"BRC OPERATING COMPANY LLC",2012,60931,13,13
"BRC OPERATING COMPANY LLC",2013,89037,13,13
"BRC OPERATING COMPANY LLC",2014,53480,14,14
"BRC OPERATING COMPANY LLC",2015,44256,13,13
"BUFFCO PRODUCTION INC.",2011,9675,9,9
"BUFFCO PRODUCTION INC.",2012,24543,9,9
"BUFFCO PRODUCTION INC.",2013,166121,12,12
"BUFFCO PRODUCTION INC.",2014,432002,17,17
"BUFFCO PRODUCTION INC.",2015,401638,19,19
"BURLINGTON RESOURCES O & G CO LP",2008,50309,4,4
"BURLINGTON RESOURCES O & G CO LP",2009,258462,9,9
"BURLINGTON RESOURCES O & G CO LP",2010,1050351,27,27
"BURLINGTON RESOURCES O & G CO LP",2011,7932814,197,197
"BURLINGTON RESOURCES O & G CO LP",2012,19822401,447,445
"BURLINGTON RESOURCES O & G CO LP",2013,30235009,608,608
"BURLINGTON RESOURCES O & G CO LP",2014,40809594,682,681
"BURLINGTON RESOURCES O & G CO LP",2015,36760311,784,783
"BURNETT OIL CO., INC.",2012,20844,3,3
"BURNETT OIL CO., INC.",2013,22233,2,2
"BURNETT OIL CO., INC.",2014,19717,2,2
"BURNETT OIL CO., INC.",2015,5792,2,2
"C6 OPERATING, L.L.C.",2013,7202,1,1
"C6 OPERATING, L.L.C.",2014,14549,1,1
"C6 OPERATING, L.L.C.",2015,5554,1,1
"CABOT OIL & GAS CORPORATION",2010,111114,7,7
"CABOT OIL & GAS CORPORATION",2011,973041,43,43
"CABOT OIL & GAS CORPORATION",2012,1682063,75,75
"CABOT OIL & GAS CORPORATION",2013,2155596,98,98
"CABOT OIL & GAS CORPORATION",2014,3386489,121,121
"CABOT OIL & GAS CORPORATION",2015,4977490,149,149
"CARRIZO (EAGLE FORD) LLC",2011,138911,16,16
"CARRIZO (EAGLE FORD) LLC",2012,788899,37,37
"CARRIZO (EAGLE FORD) LLC",2013,1575447,79,79
"CARRIZO (EAGLE FORD) LLC",2014,6733111,123,121
"CARRIZO (EAGLE FORD) LLC",2015,6263744,159,159
"CARRIZO OIL & GAS, INC.",2010,57852,9,9
"CARRIZO OIL & GAS, INC.",2011,657384,34,34
"CARRIZO OIL & GAS, INC.",2012,3368723,79,79
"CARRIZO OIL & GAS, INC.",2013,4126935,97,97
"CARRIZO OIL & GAS, INC.",2014,2933139,96,96
"CARRIZO OIL & GAS, INC.",2015,1650922,97,97
"CAVALIER OIL & GAS, INC.",2008,69,3,3
"CAVALIER OIL & GAS, INC.",2009,9,3,3
"CAVALIER OIL & GAS, INC.",2012,366,2,2
"CAVALIER OIL & GAS, INC.",2013,362,2,2
"CAVALIER OIL & GAS, INC.",2014,374,2,2
"CAVALIER OIL & GAS, INC.",2015,280,2,2
"CENTAUR EXPLORATION LLC",2005,10,1,1
"CENTAUR EXPLORATION LLC",2006,174,1,1
"CENTAUR EXPLORATION LLC",2009,67,1,1
"CENTEX ENERGY, LLC",2008,7043,1,1
"CENTEX ENERGY, LLC",2009,4210,1,1
"CENTEX ENERGY, LLC",2010,2107,1,1
"CENTEX ENERGY, LLC",2011,1606,1,1
"CENTEX ENERGY, LLC",2012,1080,1,1
"CENTEX ENERGY, LLC",2013,1189,1,1
"CENTEX ENERGY, LLC",2014,891,1,1
"CENTEX ENERGY, LLC",2015,556,1,1
"CHESAPEAKE OPERATING, INC.",2005,21,2,1
"CHESAPEAKE OPERATING, INC.",2006,34,2,2
"CHESAPEAKE OPERATING, INC.",2007,34,2,2
"CHESAPEAKE OPERATING, INC.",2008,27,2,2
"CHESAPEAKE OPERATING, INC.",2009,17,2,2
"CHESAPEAKE OPERATING, INC.",2010,331150,86,84
"CHESAPEAKE OPERATING, INC.",2011,3931130,392,388
"CHESAPEAKE OPERATING, INC.",2012,22640170,942,937
"CHESAPEAKE OPERATING, INC.",2013,43626621,1364,1362
"CHESAPEAKE OPERATING, INC.",2014,49317634,1447,1445
"CHESAPEAKE OPERATING, INC.",2015,42744769,1587,1584
"CHESAPEAKE OPERATING, L.L.C.",2011,40,1,1
"CHESAPEAKE OPERATING, L.L.C.",2012,43438,3,3
"CHESAPEAKE OPERATING, L.L.C.",2013,72094,5,5
"CHESAPEAKE OPERATING, L.L.C.",2014,109495,5,5
"CHESAPEAKE OPERATING, L.L.C.",2015,304777,13,13
"CHEYENNE PETROLEUM COMPANY",2011,28299,20,20
"CHEYENNE PETROLEUM COMPANY",2012,712128,54,54
"CHEYENNE PETROLEUM COMPANY",2013,1956182,66,66
"CHEYENNE PETROLEUM COMPANY",2014,2414939,68,68
"CHEYENNE PETROLEUM COMPANY",2015,1473952,71,71
"CHRISTICO PETROLEUM COMPANY",2008,408,1,1
"CHRISTICO PETROLEUM COMPANY",2009,483,1,1
"CHRISTICO PETROLEUM COMPANY",2010,1983,1,1
"CIBOLO ENERGY OPERATING, INC.",2008,110,2,2
"CIBOLO ENERGY OPERATING, INC.",2009,324,2,2
"CIBOLO ENERGY OPERATING, INC.",2010,200,2,2
"CIBOLO ENERGY OPERATING, INC.",2011,42,2,2
"CIBOLO ENERGY OPERATING, INC.",2012,6,2,2
"CIBOLO ENERGY OPERATING, INC.",2013,10,2,2
"CIBOLO ENERGY OPERATING, INC.",2014,0,2,0
"CIBOLO ENERGY OPERATING, INC.",2015,2,2,2
"CIMAREX ENERGY CO.",2006,262,2,2
"CIMAREX ENERGY CO.",2007,1421,2,2
"CIMAREX ENERGY CO.",2008,407,2,2
"CIMAREX ENERGY CO.",2009,68,2,2
"CIMAREX ENERGY CO.",2010,181,2,1
"CIMAREX ENERGY CO.",2011,137,2,1
"CIMAREX ENERGY CO.",2012,400,2,2
"CIMAREX ENERGY CO.",2013,215,2,2
"CIMAREX ENERGY CO.",2014,302,2,2
"CIMAREX ENERGY CO.",2015,249,2,2
"CINCO NATURAL RESOURCES CORP.",2010,15120,8,6
"CINCO NATURAL RESOURCES CORP.",2011,208501,15,12
"CINCO NATURAL RESOURCES CORP.",2012,589669,19,16
"CINCO NATURAL RESOURCES CORP.",2013,694268,24,21
"CINCO NATURAL RESOURCES CORP.",2014,1780334,34,31
"CINCO NATURAL RESOURCES CORP.",2015,809281,41,38
"CML EXPLORATION, LLC",2008,76486,4,4
"CML EXPLORATION, LLC",2009,166957,8,8
"CML EXPLORATION, LLC",2010,346971,18,18
"CML EXPLORATION, LLC",2011,624541,31,31
"CML EXPLORATION, LLC",2012,741765,39,39
"CML EXPLORATION, LLC",2013,653997,44,44
"CML EXPLORATION, LLC",2014,470929,46,46
"CML EXPLORATION, LLC",2015,593724,52,52
"CMR ENERGY, L.P.",2005,3,1,1
"CMR ENERGY, L.P.",2006,0,1,0
"CMR ENERGY, L.P.",2007,0,1,0
"CMR ENERGY, L.P.",2008,0,1,0
"CMR ENERGY, L.P.",2009,0,1,0
"CMR ENERGY, L.P.",2010,0,1,0
"COMMON RESOURCES L.L.C.",2009,43553,4,2
"COMMON RESOURCES L.L.C.",2010,77673,5,5
"COMMON RESOURCES L.L.C.",2011,16605,5,2
"COMMON RESOURCES L.L.C.",2012,21077,5,2
"COMMON RESOURCES L.L.C.",2013,22878,6,5
"COMMON RESOURCES L.L.C.",2014,17244,6,2
"COMMON RESOURCES L.L.C.",2015,16750,6,2
"COMSTOCK OIL & GAS, LP",2010,14831,8,8
"COMSTOCK OIL & GAS, LP",2011,790076,58,58
"COMSTOCK OIL & GAS, LP",2012,2494215,121,121
"COMSTOCK OIL & GAS, LP",2013,4278536,169,169
"COMSTOCK OIL & GAS, LP",2014,7731989,182,182
"COMSTOCK OIL & GAS, LP",2015,4488366,202,202
"CORNERSTONE E & P COMPANY, LP",2008,258,1,1
"CORNERSTONE E & P COMPANY, LP",2011,1594,1,1
"CORNERSTONE E & P COMPANY, LP",2014,39,1,1
"CORONADO MINERALS, LLC",2011,105,1,1
"CORONADO MINERALS, LLC",2012,55,1,1
"CORONADO MINERALS, LLC",2013,15,1,1
"CORONADO MINERALS, LLC",2014,8,1,1
"CORONADO MINERALS, LLC",2015,16,1,1
"CRAWFORD ENERGY OPERATING CO",2007,0,1,0
"CRAWFORD ENERGY OPERATING CO",2008,0,1,0
"CRAWFORD ENERGY OPERATING CO",2009,0,1,0
"CRAWFORD ENERGY OPERATING CO",2010,4,1,1
"CRAWFORD ENERGY OPERATING CO",2011,1,1,1
"CRAWFORD ENERGY OPERATING CO",2012,0,1,0
"CRAWFORD ENERGY OPERATING CO",2013,0,1,0
"CRIMSON EXPLORATION OPER., INC.",2011,237752,9,9
"CRIMSON EXPLORATION OPER., INC.",2012,650733,12,12
"CRIMSON EXPLORATION OPER., INC.",2013,462408,18,18
"CRIMSON EXPLORATION OPER., INC.",2014,793034,29,29
"CRIMSON EXPLORATION OPER., INC.",2015,293461,29,29
"CYPRESS E & P CORPORATION",2014,3484,1,1
"CYPRESS E & P CORPORATION",2015,1141,1,1
"DALE OPERATING COMPANY",2009,1693,1,1
"DALE OPERATING COMPANY",2010,3135,1,1
"DALE OPERATING COMPANY",2011,1852,1,1
"DALE OPERATING COMPANY",2012,2480,1,1
"DALE OPERATING COMPANY",2013,1638,1,1
"DALE OPERATING COMPANY",2014,1118,1,1
"DALE OPERATING COMPANY",2015,506,1,1
"DAWSEY OPERATING COMPANY",2015,5879,1,1
"DENALI OIL & GAS MANAGEMENT, LLC",2010,11054,2,2
"DENALI OIL & GAS MANAGEMENT, LLC",2011,107695,4,4
"DENALI OIL & GAS MANAGEMENT, LLC",2012,176713,14,14
"DENALI OIL & GAS MANAGEMENT, LLC",2013,193297,13,13
"DENALI OIL & GAS MANAGEMENT, LLC",2014,122427,13,13
"DENALI OIL & GAS MANAGEMENT, LLC",2015,42719,11,11
"DEVON ENERGY PRODUCTION CO, L.P.",2008,240,1,1
"DEVON ENERGY PRODUCTION CO, L.P.",2009,41548,5,5
"DEVON ENERGY PRODUCTION CO, L.P.",2010,51727,10,10
"DEVON ENERGY PRODUCTION CO, L.P.",2011,106795,17,17
"DEVON ENERGY PRODUCTION CO, L.P.",2012,88468,17,17
"DEVON ENERGY PRODUCTION CO, L.P.",2013,43671,17,17
"DEVON ENERGY PRODUCTION CO, L.P.",2014,124762,23,23
"DEVON ENERGY PRODUCTION CO, L.P.",2015,1032028,37,37
"DEWBRE PETROLEUM CORPORATION",2005,434,1,1
"DEWBRE PETROLEUM CORPORATION",2006,248,1,1
"DEWBRE PETROLEUM CORPORATION",2007,34,1,1
"DEWBRE PETROLEUM CORPORATION",2008,0,1,0
"DEWBRE PETROLEUM CORPORATION",2009,0,1,0
"DEWBRE PETROLEUM CORPORATION",2010,148,1,1
"DEWBRE PETROLEUM CORPORATION",2011,18218,2,2
"DEWBRE PETROLEUM CORPORATION",2012,26252,2,2
"DEWBRE PETROLEUM CORPORATION",2013,12426,2,2
"DEWBRE PETROLEUM CORPORATION",2014,7102,2,1
"DEWBRE PETROLEUM CORPORATION",2015,6089,2,2
"DEWBRE, JERRY C., TRUSTEE",2011,700,4,4
"DEWBRE, JERRY C., TRUSTEE",2012,104,4,4
"DEWBRE, JERRY C., TRUSTEE",2013,72,4,4
"DEWBRE, JERRY C., TRUSTEE",2014,88,4,4
"DEWBRE, JERRY C., TRUSTEE",2015,8,4,4
"DIAMOND M DRLG & EXPL CO.",2009,318,1,1
"DIAMOND M DRLG & EXPL CO.",2010,158,1,1
"DIAMOND M DRLG & EXPL CO.",2011,3089,2,2
"DIAMOND M DRLG & EXPL CO.",2012,97,1,1
"DIAMOND M DRLG & EXPL CO.",2013,5861,2,2
"DIAMOND M DRLG & EXPL CO.",2014,1966,1,1
"DIAMOND M DRLG & EXPL CO.",2015,358,1,1
"EAGLE ENERGY ACQUISITIONS LP",2009,10835,2,2
"EAGLE ENERGY ACQUISITIONS LP",2010,66517,14,14
"EAGLE ENERGY ACQUISITIONS LP",2011,193271,18,18
"EAGLE ENERGY ACQUISITIONS LP",2012,259414,21,21
"EAGLE ENERGY ACQUISITIONS LP",2013,286275,22,22
"EAGLE ENERGY ACQUISITIONS LP",2014,264109,23,23
"EAGLE ENERGY ACQUISITIONS LP",2015,147538,23,23
"EAGLE FORD HUNTER RESOURCES,INC.",2011,43816,2,2
"EAGLE FORD HUNTER RESOURCES,INC.",2012,206761,8,8
"EAGLE FORD HUNTER RESOURCES,INC.",2013,1363518,21,21
"EAGLE FORD HUNTER RESOURCES,INC.",2014,894226,21,21
"EAGLE FORD HUNTER RESOURCES,INC.",2015,742736,21,21
"EAGLE HYDROCARBONS (TEXAS) INC.",2015,25573,1,1
"EAGLE HYDROCARBONS INC.",2015,12740,1,1
"EF ENERGY, L.L.C.",2011,86136,13,13
"EF ENERGY, L.L.C.",2012,286001,24,24
"EF ENERGY, L.L.C.",2013,419425,26,26
"EF ENERGY, L.L.C.",2014,375670,26,26
"EF ENERGY, L.L.C.",2015,391778,25,25
"EL PASO E & P COMPANY, L. P.",2009,107,1,1
"EL PASO E & P COMPANY, L. P.",2010,221075,55,54
"EL PASO E & P COMPANY, L. P.",2011,1217203,110,107
"EL PASO E & P COMPANY, L. P.",2012,3222588,146,140
"EL PASO E & P COMPANY, L. P.",2013,3943258,149,145
"EL PASO E & P COMPANY, L. P.",2014,4010030,146,145
"EL PASO E & P COMPANY, L. P.",2015,2533969,149,145
"EL TORO RESOURCES LLC",2014,4828,1,1
"EL TORO RESOURCES LLC",2015,87349,4,4
"ENCANA OIL & GAS(USA) INC.",2006,67,2,2
"ENCANA OIL & GAS(USA) INC.",2007,121,3,3
"ENCANA OIL & GAS(USA) INC.",2008,236,3,3
"ENCANA OIL & GAS(USA) INC.",2009,399,3,3
"ENCANA OIL & GAS(USA) INC.",2010,309,3,3
"ENCANA OIL & GAS(USA) INC.",2011,265,5,4
"ENCANA OIL & GAS(USA) INC.",2012,112505,12,11
"ENCANA OIL & GAS(USA) INC.",2013,225092,12,11
"ENCANA OIL & GAS(USA) INC.",2014,294624,11,10
"ENCANA OIL & GAS(USA) INC.",2015,977316,30,28
"ENDEAVOR NATURAL GAS, LP",2015,6606,1,1
"ENDURING RESOURCES, LLC",2006,1003,2,1
"ENDURING RESOURCES, LLC",2007,3966,7,4
"ENDURING RESOURCES, LLC",2008,20394,17,10
"ENDURING RESOURCES, LLC",2009,21239,28,26
"ENDURING RESOURCES, LLC",2010,180323,38,38
"ENDURING RESOURCES, LLC",2011,513655,56,48
"ENDURING RESOURCES, LLC",2012,558672,54,42
"ENDURING RESOURCES, LLC",2013,283271,46,41
"ENDURING RESOURCES, LLC",2014,258759,40,35
"ENDURING RESOURCES, LLC",2015,148575,38,34
"ENERGY 2000, INC.",2014,264,1,1
"ENERGY 2000, INC.",2015,177,1,1
"ENERVEST OPERATING, L.L.C.",2008,39711,3,3
"ENERVEST OPERATING, L.L.C.",2009,44222,4,4
"ENERVEST OPERATING, L.L.C.",2010,61399,6,6
"ENERVEST OPERATING, L.L.C.",2011,175723,12,12
"ENERVEST OPERATING, L.L.C.",2012,196753,16,16
"ENERVEST OPERATING, L.L.C.",2013,277393,19,19
"ENERVEST OPERATING, L.L.C.",2014,509348,22,22
"ENERVEST OPERATING, L.L.C.",2015,477567,30,30
"EOG RESOURCES, INC.",2005,24580,5,5
"EOG RESOURCES, INC.",2006,75574,16,16
"EOG RESOURCES, INC.",2007,83191,30,29
"EOG RESOURCES, INC.",2008,134502,50,42
"EOG RESOURCES, INC.",2009,185170,78,71
"EOG RESOURCES, INC.",2010,2152072,282,278
"EOG RESOURCES, INC.",2011,13914072,663,660
"EOG RESOURCES, INC.",2012,33835793,1028,1026
"EOG RESOURCES, INC.",2013,55341118,1376,1373
"EOG RESOURCES, INC.",2014,83162225,1737,1732
"EOG RESOURCES, INC.",2015,64484632,1940,1938
"EP ENERGY E&P COMPANY, L.P.",2010,27762,72,72
"EP ENERGY E&P COMPANY, L.P.",2011,1056689,129,129
"EP ENERGY E&P COMPANY, L.P.",2012,3412987,175,164
"EP ENERGY E&P COMPANY, L.P.",2013,8269056,255,255
"EP ENERGY E&P COMPANY, L.P.",2014,16933098,291,291
"EP ENERGY E&P COMPANY, L.P.",2015,16681343,368,368
"ESCONDIDO RESOURCES II, LLC",2008,1522,1,1
"ESCONDIDO RESOURCES II, LLC",2009,2165,1,1
"ESCONDIDO RESOURCES II, LLC",2010,6927,8,8
"ESCONDIDO RESOURCES II, LLC",2011,28042,25,24
"ESCONDIDO RESOURCES II, LLC",2012,220866,42,40
"ESCONDIDO RESOURCES II, LLC",2013,299131,48,48
"ESCONDIDO RESOURCES II, LLC",2014,201584,48,45
"ESCONDIDO RESOURCES II, LLC",2015,452065,68,66
"ESPADA OPERATING LLC",2009,2431,1,1
"ESPADA OPERATING LLC",2010,1729,2,2
"ESPADA OPERATING LLC",2011,160,2,2
"ESPADA OPERATING LLC",2012,1251,2,2
"ESPADA OPERATING LLC",2013,509,2,2
"ESPADA OPERATING LLC",2014,1523,2,2
"ESPADA OPERATING LLC",2015,269,2,2
"EVEREST RESOURCE COMPANY",2013,11958,1,1
"EVEREST RESOURCE COMPANY",2014,19533,1,1
"EVEREST RESOURCE COMPANY",2015,5375,2,2
"EVOLUTION OPERATING CO., INC.",2008,23070,1,1
"EVOLUTION OPERATING CO., INC.",2009,11845,1,1
"EVOLUTION OPERATING CO., INC.",2010,7499,2,2
"EVOLUTION OPERATING CO., INC.",2011,5155,2,2
"EVOLUTION OPERATING CO., INC.",2012,4365,2,1
"EVOLUTION OPERATING CO., INC.",2013,4464,2,1
"EVOLUTION OPERATING CO., INC.",2014,3833,1,1
"EVOLUTION OPERATING CO., INC.",2015,2277,1,1
"EXCO OPERATING COMPANY, LP",2011,28215,5,5
"EXCO OPERATING COMPANY, LP",2012,341290,44,44
"EXCO OPERATING COMPANY, LP",2013,836786,48,48
"EXCO OPERATING COMPANY, LP",2014,2207419,75,74
"EXCO OPERATING COMPANY, LP",2015,3267472,85,85
"EXPLORATION COMPANY, THE",2005,134122,19,19
"EXPLORATION COMPANY, THE",2006,508021,30,30
"EXPLORATION COMPANY, THE",2007,357625,37,35
"EXPLORATION COMPANY, THE",2008,299788,36,33
"EXPLORATION COMPANY, THE",2009,149775,29,26
"EXPLORATION COMPANY, THE",2010,77029,24,24
"EXPLORATION COMPANY, THE",2011,74426,24,23
"EXPLORATION COMPANY, THE",2012,67368,21,19
"EXPLORATION COMPANY, THE",2013,42829,20,19
"EXPLORATION COMPANY, THE",2014,41793,19,17
"EXPLORATION COMPANY, THE",2015,25405,19,17
"EXPRESS OIL CO.",2008,3327,3,3
"EXPRESS OIL CO.",2009,7599,3,3
"EXPRESS OIL CO.",2010,5337,2,2
"EXPRESS OIL CO.",2011,3816,2,2
"EXPRESS OIL CO.",2012,3060,2,2
"EXPRESS OIL CO.",2013,1870,2,2
"EXPRESS OIL CO.",2014,2414,2,2
"EXPRESS OIL CO.",2015,2236,2,2
"EXXON MOBIL CORPORATION",2011,5,1,1
"EXXON MOBIL CORPORATION",2012,5,1,1
"EXXON MOBIL CORPORATION",2013,14,1,1
"EXXON MOBIL CORPORATION",2014,6,1,1
"EXXON MOBIL CORPORATION",2015,5,1,1
"FASKEN OIL AND RANCH, LTD.",2012,67809,3,2
"FASKEN OIL AND RANCH, LTD.",2013,444591,6,5
"FASKEN OIL AND RANCH, LTD.",2014,579864,6,6
"FASKEN OIL AND RANCH, LTD.",2015,612288,11,11
"FINALY RESOURCES LLC",2014,71,1,1
"FINALY RESOURCES LLC",2015,34,1,1
"FIRST ROCK, INC.",2008,6976,1,1
"FIRST ROCK, INC.",2009,13650,2,2
"FIRST ROCK, INC.",2010,10282,2,1
"FIRST ROCK, INC.",2011,6887,2,1
"FIRST ROCK, INC.",2012,5501,2,2
"FIRST ROCK, INC.",2013,5478,2,2
"FIRST ROCK, INC.",2014,6554,2,2
"FIRST ROCK, INC.",2015,3461,2,2
"FOREST OIL CORPORATION",2010,11946,2,2
"FOREST OIL CORPORATION",2011,324377,20,20
"FOREST OIL CORPORATION",2012,701620,47,47
"FOREST OIL CORPORATION",2013,1772530,88,88
"FOREST OIL CORPORATION",2014,2640621,107,107
"FOREST OIL CORPORATION",2015,1352675,127,127
"FREEPORT-MCMORAN OIL & GAS LLC",2011,43007,3,3
"FREEPORT-MCMORAN OIL & GAS LLC",2012,856989,20,20
"FREEPORT-MCMORAN OIL & GAS LLC",2013,964319,24,24
"FREEPORT-MCMORAN OIL & GAS LLC",2014,2076105,28,28
"FREEPORT-MCMORAN OIL & GAS LLC",2015,1773068,30,30
"FUTURE PETROLEUM COMPANY LLC",2010,8151,1,1
"FUTURE PETROLEUM COMPANY LLC",2011,9997,1,1
"FUTURE PETROLEUM COMPANY LLC",2012,5040,1,1
"FUTURE PETROLEUM COMPANY LLC",2013,3596,1,1
"FUTURE PETROLEUM COMPANY LLC",2014,2892,1,1
"FUTURE PETROLEUM COMPANY LLC",2015,2799,1,1
"GAMBIT RESOURCES, INC.",2013,2353,1,1
"GAMBIT RESOURCES, INC.",2014,2150,1,1
"GARZACO OPERATING, LLC",2007,0,2,0
"GARZACO OPERATING, LLC",2008,0,2,0
"GARZACO OPERATING, LLC",2009,0,2,0
"GARZACO OPERATING, LLC",2010,0,2,0
"GARZACO OPERATING, LLC",2011,0,2,0
"GARZACO OPERATING, LLC",2014,0,2,0
"GARZACO OPERATING, LLC",2015,0,2,0
"GEOSOUTHERN ENERGY CORPORATION",2007,2219,1,1
"GEOSOUTHERN ENERGY CORPORATION",2008,39581,2,2
"GEOSOUTHERN ENERGY CORPORATION",2009,44587,3,3
"GEOSOUTHERN ENERGY CORPORATION",2010,703927,10,10
"GEOSOUTHERN ENERGY CORPORATION",2011,1213486,39,39
"GEOSOUTHERN ENERGY CORPORATION",2012,1623332,47,47
"GEOSOUTHERN ENERGY CORPORATION",2013,2396623,57,57
"GEOSOUTHERN ENERGY CORPORATION",2014,5520050,79,79
"GEOSOUTHERN ENERGY CORPORATION",2015,4687755,82,81
"GOODRICH PETROLEUM COMPANY",2010,48595,65,65
"GOODRICH PETROLEUM COMPANY",2011,788897,70,70
"GOODRICH PETROLEUM COMPANY",2012,1792806,70,70
"GOODRICH PETROLEUM COMPANY",2013,2259899,75,75
"GOODRICH PETROLEUM COMPANY",2014,1821845,75,75
"GOODRICH PETROLEUM COMPANY",2015,887800,74,74
"GULF SOUTH OPERATORS, INC.",2009,2140,1,1
"GULF SOUTH OPERATORS, INC.",2010,1837,1,1
"GULF SOUTH OPERATORS, INC.",2011,3,1,1
"GULFTEX ENERGY III, LP",2014,306562,3,3
"GULFTEX ENERGY III, LP",2015,1173062,6,6
"HALCON OPERATING CO., INC.",2014,131138,4,4
"HALCON OPERATING CO., INC.",2015,1109123,14,14
"HAT CREEK ENERGY LLC",2014,52081,5,5
"HAT CREEK ENERGY LLC",2015,142256,7,7
"HAWTHORN ENERGY PARTNERS, LLC",2006,1896,1,1
"HAWTHORN ENERGY PARTNERS, LLC",2007,15606,2,2
"HAWTHORN ENERGY PARTNERS, LLC",2008,7035,2,2
"HAWTHORN ENERGY PARTNERS, LLC",2009,4374,1,1
"HAWTHORN ENERGY PARTNERS, LLC",2010,3556,1,1
"HAWTHORN ENERGY PARTNERS, LLC",2011,3862,1,1
"HAWTHORN ENERGY PARTNERS, LLC",2012,3191,1,1
"HAWTHORN ENERGY PARTNERS, LLC",2013,4238,1,1
"HAWTHORN ENERGY PARTNERS, LLC",2014,3426,1,1
"HAWTHORN ENERGY PARTNERS, LLC",2015,1526,1,1
"HESS CORPORATION",2011,67002,12,12
"HESS CORPORATION",2012,496807,25,25
"HESS CORPORATION",2013,1263241,40,40
"HESS CORPORATION",2014,1009242,40,40
"HESS CORPORATION",2015,400296,40,40
"HILCORP ENERGY COMPANY",2010,573310,21,21
"HILCORP ENERGY COMPANY",2011,2947880,93,93
"HILCORP ENERGY COMPANY",2012,4006735,113,112
"HILCORP ENERGY COMPANY",2013,2976473,113,113
"HILCORP ENERGY COMPANY",2014,2829013,113,113
"HILCORP ENERGY COMPANY",2015,1724908,113,113
"HUGHES, DAN A. COMPANY, L.P.",2009,37426,2,2
"HUGHES, DAN A. COMPANY, L.P.",2010,125505,10,10
"HUGHES, DAN A. COMPANY, L.P.",2011,164339,15,15
"HUGHES, DAN A. COMPANY, L.P.",2012,834942,21,21
"HUGHES, DAN A. COMPANY, L.P.",2013,650757,29,29
"HUGHES, DAN A. COMPANY, L.P.",2014,260363,26,26
"HUGHES, DAN A. COMPANY, L.P.",2015,305004,27,27
"HUNT OIL COMPANY",2010,19796,10,10
"HUNT OIL COMPANY",2011,312603,24,24
"HUNT OIL COMPANY",2012,1953243,72,72
"HUNT OIL COMPANY",2013,3887123,111,111
"HUNT OIL COMPANY",2014,3711360,132,132
"HUNT OIL COMPANY",2015,2227129,139,139
"IRONWOOD OIL & GAS LLC",2013,54004,4,4
"IRONWOOD OIL & GAS LLC",2014,290375,8,8
"IRONWOOD OIL & GAS LLC",2015,33305,8,8
"JADELA OIL (US) OPERATING, LLC",2013,77,1,1
"JADELA OIL (US) OPERATING, LLC",2014,65,1,1
"JL RESOURCES, LLC",2015,117,1,1
"KALER ENERGY CORP.",2010,10875,1,1
"KALER ENERGY CORP.",2011,5018,1,1
"KALER ENERGY CORP.",2012,1123,1,1
"KALER ENERGY CORP.",2013,2166,1,1
"KALER ENERGY CORP.",2014,25832,3,3
"KALER ENERGY CORP.",2015,402,3,3
"KENILWORTH OIL COMPANY, LTD.",2008,5,1,1
"KENILWORTH OIL COMPANY, LTD.",2009,7,1,1
"KENILWORTH OIL COMPANY, LTD.",2010,12,1,1
"KENILWORTH OIL COMPANY, LTD.",2011,11,1,1
"KENILWORTH OIL COMPANY, LTD.",2012,30,1,1
"KENILWORTH OIL COMPANY, LTD.",2013,44,1,1
"KENILWORTH OIL COMPANY, LTD.",2014,73,1,1
"KENILWORTH OIL COMPANY, LTD.",2015,43,1,1
"KILLAM OIL CO., LTD.",2010,23222,2,2
"KILLAM OIL CO., LTD.",2011,113289,5,5
"KILLAM OIL CO., LTD.",2012,58736,5,5
"KILLAM OIL CO., LTD.",2013,24537,3,3
"KILLAM OIL CO., LTD.",2014,15503,3,3
"KILLAM OIL CO., LTD.",2015,9211,3,3
"LAMA ENERGY, L.L.C.",2008,119,1,1
"LAMA ENERGY, L.L.C.",2009,3427,1,1
"LAMA ENERGY, L.L.C.",2010,8992,2,2
"LAMA ENERGY, L.L.C.",2011,22710,2,2
"LAMA ENERGY, L.L.C.",2012,23690,2,2
"LAMA ENERGY, L.L.C.",2013,16690,2,2
"LAMA ENERGY, L.L.C.",2014,16834,2,2
"LAMA ENERGY, L.L.C.",2015,13570,2,2
"LAREDO ENERGY",2010,4966,7,3
"LAREDO ENERGY",2011,3691,30,7
"LAREDO ENERGY",2012,14634,50,19
"LAREDO ENERGY",2013,23917,69,39
"LAREDO ENERGY",2014,44922,81,51
"LAREDO ENERGY",2015,37326,101,77
"LAREDO ENERGY OPERATING, LLC",2015,4807,8,6
"LAREDO ENERGY V, LP",2015,970,1,1
"LEEXUS OIL LLC",2011,8789,1,1
"LEEXUS OIL LLC",2012,41111,2,2
"LEEXUS OIL LLC",2013,15883,2,2
"LEEXUS OIL LLC",2014,9434,2,2
"LEEXUS OIL LLC",2015,4581,2,2
"LEGEND NATURAL GAS III, LP",2010,180,2,2
"LEGEND NATURAL GAS III, LP",2011,221,2,2
"LEGEND NATURAL GAS III, LP",2012,93,2,2
"LEGEND NATURAL GAS III, LP",2013,8,2,1
"LEGEND NATURAL GAS III, LP",2014,74,2,2
"LEGEND NATURAL GAS III, LP",2015,62,2,2
"LEWIS PETRO PROPERTIES, INC.",2005,0,7,0
"LEWIS PETRO PROPERTIES, INC.",2006,0,10,0
"LEWIS PETRO PROPERTIES, INC.",2007,0,11,0
"LEWIS PETRO PROPERTIES, INC.",2008,17,14,1
"LEWIS PETRO PROPERTIES, INC.",2009,36192,24,7
"LEWIS PETRO PROPERTIES, INC.",2010,316874,78,42
"LEWIS PETRO PROPERTIES, INC.",2011,639083,184,127
"LEWIS PETRO PROPERTIES, INC.",2012,1439266,317,247
"LEWIS PETRO PROPERTIES, INC.",2013,2362086,440,418
"LEWIS PETRO PROPERTIES, INC.",2014,3540521,526,498
"LEWIS PETRO PROPERTIES, INC.",2015,5228079,720,672
"LIGHTNING OIL COMPANY",2013,13741,1,1
"LIGHTNING OIL COMPANY",2014,23069,1,1
"LIGHTNING OIL COMPANY",2015,60921,3,3
"LLEWELLIN OPERATING COMPANY, LLC",2012,24756,1,1
"LLEWELLIN OPERATING COMPANY, LLC",2013,20446,1,1
"LLEWELLIN OPERATING COMPANY, LLC",2014,6364,1,1
"LLEWELLIN OPERATING COMPANY, LLC",2015,2967,1,1
"LONESTAR OPERATING, LLC",2011,30903,3,3
"LONESTAR OPERATING, LLC",2012,87852,3,3
"LONESTAR OPERATING, LLC",2013,153121,5,5
"LONESTAR OPERATING, LLC",2014,259829,7,7
"LONESTAR OPERATING, LLC",2015,496035,20,20
"LUCAS ENERGY, INC.",2011,8241,1,1
"LUCAS ENERGY, INC.",2012,7574,1,1
"LUCAS ENERGY, INC.",2013,2343,1,1
"LUCAS ENERGY, INC.",2014,1493,1,1
"LUCAS ENERGY, INC.",2015,815,1,1
"MARATHON OIL COMPANY",2006,18892,1,1
"MARATHON OIL COMPANY",2007,64858,2,2
"MARATHON OIL COMPANY",2008,14363,2,2
"MARATHON OIL COMPANY",2009,6680,3,3
"MARATHON OIL COMPANY",2010,5098,3,3
"MARATHON OIL COMPANY",2011,27175,8,8
"MARATHON OIL COMPANY",2012,156144,9,9
"MARATHON OIL COMPANY",2013,50155,9,9
"MARATHON OIL COMPANY",2014,30001,9,9
"MARATHON OIL COMPANY",2015,15796,9,9
"MARATHON OIL EF LLC",2010,35001,27,27
"MARATHON OIL EF LLC",2011,1377179,130,130
"MARATHON OIL EF LLC",2012,10061620,403,403
"MARATHON OIL EF LLC",2013,26111142,635,635
"MARATHON OIL EF LLC",2014,44130241,769,769
"MARATHON OIL EF LLC",2015,46961946,1030,1030
"MARLIN ENERGY RESOURCES, LLC",2015,28654,1,1
"MATADOR PRODUCTION COMPANY",2011,139508,23,23
"MATADOR PRODUCTION COMPANY",2012,1604687,68,68
"MATADOR PRODUCTION COMPANY",2013,2570588,75,75
"MATADOR PRODUCTION COMPANY",2014,3529298,81,81
"MATADOR PRODUCTION COMPANY",2015,2999622,94,94
"MCDAY ENERGY CORP.",2012,104,1,1
"MCDAY ENERGY CORP.",2013,120,1,1
"MCDAY ENERGY CORP.",2014,47,1,1
"MCDAY ENERGY CORP.",2015,174,1,1
"MODERN EXPLORATION, INC.",2014,47621,3,3
"MODERN EXPLORATION, INC.",2015,307196,7,7
"MORRIS, W. DALE INC.",2005,0,1,0
"MORRIS, W. DALE INC.",2006,0,2,0
"MORRIS, W. DALE INC.",2007,0,2,0
"MORRIS, W. DALE INC.",2008,0,2,0
"MORRIS, W. DALE INC.",2009,6,2,2
"MORRIS, W. DALE INC.",2010,24,2,2
"MORRIS, W. DALE INC.",2011,1,2,1
"MORRIS, W. DALE INC.",2012,0,2,0
"MORRIS, W. DALE INC.",2013,0,2,0
"MORRIS, W. DALE INC.",2014,0,2,0
"MORRIS, W. DALE INC.",2015,0,2,0
"MURPHY EXPL. & PROD. CO. - USA",2010,24539,10,10
"MURPHY EXPL. & PROD. CO. - USA",2011,1322499,163,163
"MURPHY EXPL. & PROD. CO. - USA",2012,5974456,313,309
"MURPHY EXPL. & PROD. CO. - USA",2013,15404792,425,420
"MURPHY EXPL. & PROD. CO. - USA",2014,20674195,501,495
"MURPHY EXPL. & PROD. CO. - USA",2015,12767348,540,534
"MURPHY EXPLORATION & PROD. CO.",2010,261401,12,9
"MURPHY EXPLORATION & PROD. CO.",2011,581977,17,13
"MURPHY EXPLORATION & PROD. CO.",2012,677246,17,14
"MURPHY EXPLORATION & PROD. CO.",2013,412688,17,14
"MURPHY EXPLORATION & PROD. CO.",2014,252095,17,13
"MURPHY EXPLORATION & PROD. CO.",2015,140928,17,12
"NEW CENTURY EXPLORATION, INC.",2014,1345,1,1
"NEW CENTURY EXPLORATION, INC.",2015,7640,1,1
"NEWFIELD EXPLORATION COMPANY",2005,12,1,1
"NEWFIELD EXPLORATION COMPANY",2006,5,1,1
"NEWFIELD EXPLORATION COMPANY",2007,11997,13,13
"NEWFIELD EXPLORATION COMPANY",2008,63925,14,14
"NEWFIELD EXPLORATION COMPANY",2009,78480,20,20
"NEWFIELD EXPLORATION COMPANY",2010,127772,46,46
"NEWFIELD EXPLORATION COMPANY",2011,779063,91,91
"NEWFIELD EXPLORATION COMPANY",2012,1049546,94,94
"NEWFIELD EXPLORATION COMPANY",2013,1451032,102,102
"NEWFIELD EXPLORATION COMPANY",2014,2009629,106,106
"NEWFIELD EXPLORATION COMPANY",2015,2399269,123,123
"NFR ENERGY, LLC",2012,80350,2,2
"NFR ENERGY, LLC",2013,456890,11,11
"NFR ENERGY, LLC",2014,524376,13,13
"NFR ENERGY, LLC",2015,130152,13,13
"NORTH SOUTH OIL, LLC",2007,576,2,2
"NORTH SOUTH OIL, LLC",2008,11886,4,4
"NORTH SOUTH OIL, LLC",2009,68793,12,12
"NORTH SOUTH OIL, LLC",2010,183966,29,29
"NORTH SOUTH OIL, LLC",2011,461598,47,47
"NORTH SOUTH OIL, LLC",2012,625342,56,56
"NORTH SOUTH OIL, LLC",2013,525492,56,56
"NORTH SOUTH OIL, LLC",2014,449753,58,58
"NORTH SOUTH OIL, LLC",2015,263287,58,58
"OAK VALLEY OPERATING, LLC",2013,39002,2,2
"OAK VALLEY OPERATING, LLC",2014,620204,12,12
"OAK VALLEY OPERATING, LLC",2015,843472,31,31
"OMIMEX PETROLEUM, INC.",2012,13192,1,1
"OMIMEX PETROLEUM, INC.",2013,37923,1,1
"OMIMEX PETROLEUM, INC.",2014,27430,1,1
"OMIMEX PETROLEUM, INC.",2015,9048,1,1
"OXY USA INC.",2013,169280,3,3
"OXY USA INC.",2014,229292,3,3
"OXY USA INC.",2015,114133,4,4
"P.S.N. PETROLEUM, INC.",2010,554,1,1
"P.S.N. PETROLEUM, INC.",2011,137,1,1
"PALOMA RESOURCES, LLC",2011,542893,7,7
"PALOMA RESOURCES, LLC",2012,1689538,27,27
"PALOMA RESOURCES, LLC",2013,1929213,33,33
"PALOMA RESOURCES, LLC",2014,961344,33,33
"PALOMA RESOURCES, LLC",2015,818903,33,33
"PATTERSON PETROLEUM LLC",2008,53378,1,1
"PATTERSON PETROLEUM LLC",2009,29346,1,1
"PATTERSON PETROLEUM LLC",2010,13075,1,1
"PATTERSON PETROLEUM LLC",2011,6262,1,1
"PATTERSON PETROLEUM LLC",2012,4712,1,1
"PATTERSON PETROLEUM LLC",2013,5883,1,1
"PATTERSON PETROLEUM LLC",2014,5053,1,1
"PATTERSON PETROLEUM LLC",2015,2580,1,1
"PATTERSON PETROLEUM LP",2005,16624,1,1
"PATTERSON PETROLEUM LP",2006,93252,7,7
"PATTERSON PETROLEUM LP",2007,433206,11,11
"PATTERSON PETROLEUM LP",2008,139938,12,11
"PATTERSON PETROLEUM LP",2009,63774,12,11
"PATTERSON PETROLEUM LP",2010,48659,10,9
"PATTERSON PETROLEUM LP",2011,48916,10,9
"PATTERSON PETROLEUM LP",2012,40483,9,9
"PATTERSON PETROLEUM LP",2013,33592,8,8
"PATTERSON PETROLEUM LP",2014,26751,8,8
"PATTERSON PETROLEUM LP",2015,15047,7,7
"PENN VIRGINIA OIL & GAS, L.P.",2010,6786,3,3
"PENN VIRGINIA OIL & GAS, L.P.",2011,1241678,47,47
"PENN VIRGINIA OIL & GAS, L.P.",2012,3254872,93,93
"PENN VIRGINIA OIL & GAS, L.P.",2013,3942999,127,127
"PENN VIRGINIA OIL & GAS, L.P.",2014,7762490,179,179
"PENN VIRGINIA OIL & GAS, L.P.",2015,5670103,203,203
"PEREGRINE PETROLEUM, LLC",2010,5971,3,3
"PEREGRINE PETROLEUM, LLC",2011,36948,7,7
"PEREGRINE PETROLEUM, LLC",2012,24739,7,7
"PEREGRINE PETROLEUM, LLC",2013,14664,7,7
"PEREGRINE PETROLEUM, LLC",2014,11604,7,7
"PEREGRINE PETROLEUM, LLC",2015,7424,7,7
"PERLMAN,I.H.OIL & GAS PROPERTIES",2007,0,4,0
"PERLMAN,I.H.OIL & GAS PROPERTIES",2008,0,4,0
"PERLMAN,I.H.OIL & GAS PROPERTIES",2009,0,4,0
"PERLMAN,I.H.OIL & GAS PROPERTIES",2010,0,4,0
"PERLMAN,I.H.OIL & GAS PROPERTIES",2011,0,4,0
"PERLMAN,I.H.OIL & GAS PROPERTIES",2014,0,4,0
"PERLMAN,I.H.OIL & GAS PROPERTIES",2015,0,4,0
"PETRO-HUNT CORPORATION",2010,3022,1,1
"PETRO-HUNT CORPORATION",2011,1211,1,1
"PETRO-HUNT CORPORATION",2012,472,1,1
"PETRO-HUNT CORPORATION",2013,400,1,1
"PETRO-HUNT CORPORATION",2014,819,1,1
"PETRO-HUNT CORPORATION",2015,131,1,1
"PETROEDGE OPERATING LLC",2015,63494,1,1
"PETROHAWK OPERATING COMPANY",2009,154702,18,13
"PETROHAWK OPERATING COMPANY",2010,674371,55,41
"PETROHAWK OPERATING COMPANY",2011,8187765,231,196
"PETROHAWK OPERATING COMPANY",2012,16587108,479,442
"PETROHAWK OPERATING COMPANY",2013,22615790,694,662
"PETROHAWK OPERATING COMPANY",2014,42952782,776,740
"PETROHAWK OPERATING COMPANY",2015,22639318,801,753
"PETROQUEST ENERGY, L.L.C.",2011,24796,2,2
"PETROQUEST ENERGY, L.L.C.",2012,107376,6,6
"PETROQUEST ENERGY, L.L.C.",2013,114910,6,6
"PETROQUEST ENERGY, L.L.C.",2014,61139,6,6
"PETROQUEST ENERGY, L.L.C.",2015,26336,6,6
"PICKENS COMPANY, INC., THE",2005,2170,1,1
"PICKENS COMPANY, INC., THE",2006,2037,1,1
"PICKENS COMPANY, INC., THE",2007,3614,1,1
"PICKENS COMPANY, INC., THE",2008,3141,1,1
"PICKENS COMPANY, INC., THE",2009,2352,1,1
"PICKENS COMPANY, INC., THE",2010,1499,1,1
"PICKENS COMPANY, INC., THE",2011,1196,1,1
"PICKENS COMPANY, INC., THE",2012,391,1,1
"PIONEER NATURAL RES. USA, INC.",2005,0,14,0
"PIONEER NATURAL RES. USA, INC.",2006,22123,23,1
"PIONEER NATURAL RES. USA, INC.",2007,6773,41,15
"PIONEER NATURAL RES. USA, INC.",2008,26125,85,48
"PIONEER NATURAL RES. USA, INC.",2009,29230,85,28
"PIONEER NATURAL RES. USA, INC.",2010,345471,104,35
"PIONEER NATURAL RES. USA, INC.",2011,5954427,224,152
"PIONEER NATURAL RES. USA, INC.",2012,13988740,348,272
"PIONEER NATURAL RES. USA, INC.",2013,15069775,429,345
"PIONEER NATURAL RES. USA, INC.",2014,21931753,506,418
"PIONEER NATURAL RES. USA, INC.",2015,23975643,651,565
"PLAINS EXPLORATION & PROD. CO.",2010,11576,11,11
"PLAINS EXPLORATION & PROD. CO.",2011,1128403,50,50
"PLAINS EXPLORATION & PROD. CO.",2012,7667274,202,202
"PLAINS EXPLORATION & PROD. CO.",2013,12856359,255,255
"PLAINS EXPLORATION & PROD. CO.",2014,13657703,266,266
"PLAINS EXPLORATION & PROD. CO.",2015,9780707,266,266
"PMO",2014,81956,3,3
"PMO",2015,402907,11,11
"PRIMERA ENERGY, LLC",2013,9465,2,2
"PRIMERA ENERGY, LLC",2014,25326,3,3
"PRIMERA ENERGY, LLC",2015,15740,3,3
"RAGARS OIL & GAS CO.",2005,139,1,1
"RAGARS OIL & GAS CO.",2006,0,1,0
"RAGARS OIL & GAS CO.",2007,0,1,0
"RAGARS OIL & GAS CO.",2008,0,1,0
"RAGARS OIL & GAS CO.",2009,0,1,0
"RAGARS OIL & GAS CO.",2010,0,1,0
"RAGARS OIL & GAS CO.",2011,0,1,0
"RAGARS OIL & GAS CO.",2012,0,1,0
"RAGARS OIL & GAS CO.",2013,0,1,0
"RAGARS OIL & GAS CO.",2014,0,1,0
"RAGARS OIL & GAS CO.",2015,0,1,0
"RED ARROW ENERGY, LLC",2008,8004,2,2
"RED ARROW ENERGY, LLC",2009,7971,2,2
"RED ARROW ENERGY, LLC",2010,4311,2,2
"RED ARROW ENERGY, LLC",2011,1989,2,2
"RED ARROW ENERGY, LLC",2012,631,1,1
"RED ARROW ENERGY, LLC",2013,314,1,1
"RED ARROW ENERGY, LLC",2014,163,1,1
"REDEMPTION OIL & GAS, LLC",2007,984,1,1
"REDEMPTION OIL & GAS, LLC",2008,5154,1,1
"REDEMPTION OIL & GAS, LLC",2009,5235,1,1
"REDEMPTION OIL & GAS, LLC",2010,21098,8,8
"REDEMPTION OIL & GAS, LLC",2011,33204,11,10
"REDEMPTION OIL & GAS, LLC",2012,20359,11,10
"REDEMPTION OIL & GAS, LLC",2013,15554,11,10
"REDEMPTION OIL & GAS, LLC",2014,32976,12,11
"REDEMPTION OIL & GAS, LLC",2015,120317,11,11
"REDWOOD OPERATING, INC.",2011,693,1,1
"REDWOOD OPERATING, INC.",2012,18566,1,1
"REDWOOD OPERATING, INC.",2013,28993,1,1
"REDWOOD OPERATING, INC.",2014,55597,1,1
"REDWOOD OPERATING, INC.",2015,17591,1,1
"REPUBLIC RESOURCES, LLC.",2012,1062,1,1
"REPUBLIC RESOURCES, LLC.",2013,32113,3,3
"REPUBLIC RESOURCES, LLC.",2014,47057,4,4
"REPUBLIC RESOURCES, LLC.",2015,32657,4,4
"RICOCHET ENERGY, INC.",2010,35102,4,4
"RICOCHET ENERGY, INC.",2011,162651,9,9
"RICOCHET ENERGY, INC.",2012,240326,14,14
"RICOCHET ENERGY, INC.",2013,149632,14,14
"RICOCHET ENERGY, INC.",2014,88331,14,14
"RICOCHET ENERGY, INC.",2015,37772,14,14
"RILEY EXPLORATION OPG CO, LLC",2014,15319,3,3
"RILEY EXPLORATION OPG CO, LLC",2015,143721,5,5
"RILEY EXPLORATION, LLC",2010,263603,13,13
"RILEY EXPLORATION, LLC",2011,1082773,30,30
"RILEY EXPLORATION, LLC",2012,839322,33,33
"RILEY EXPLORATION, LLC",2013,876429,41,41
"RILEY EXPLORATION, LLC",2014,782670,41,41
"RILEY EXPLORATION, LLC",2015,333592,41,41
"RIO-TEX, INC.",2008,9114,1,1
"RIO-TEX, INC.",2009,25551,1,1
"RIO-TEX, INC.",2010,5738,1,1
"RIO-TEX, INC.",2011,2447,1,1
"RIO-TEX, INC.",2012,11891,1,1
"RIO-TEX, INC.",2013,24275,1,1
"RIO-TEX, INC.",2014,3131,1,1
"RIO-TEX, INC.",2015,2852,1,1
"ROCK SOLID OPERATING, LLC",2008,295,1,1
"ROCK SOLID OPERATING, LLC",2009,7825,1,1
"ROCK SOLID OPERATING, LLC",2010,3779,1,1
"ROCK SOLID OPERATING, LLC",2011,3587,1,1
"ROCK SOLID OPERATING, LLC",2012,3614,1,1
"ROCK SOLID OPERATING, LLC",2013,2887,1,1
"ROCK SOLID OPERATING, LLC",2014,2172,1,1
"ROCK SOLID OPERATING, LLC",2015,1090,1,1
"ROCKEFELLER HUGHES (USA) LLC",2011,1566,1,1
"ROCKEFELLER HUGHES (USA) LLC",2012,2554,1,1
"ROCKEFELLER HUGHES (USA) LLC",2013,555,1,1
"ROCKEFELLER HUGHES (USA) LLC",2014,580,1,1
"ROCKEFELLER HUGHES (USA) LLC",2015,288,1,1
"ROCKPORT GEORGETOWN HOLDINGS,LP",2005,0,1,0
"ROCKPORT GEORGETOWN HOLDINGS,LP",2006,1073,1,1
"ROCKPORT GEORGETOWN HOLDINGS,LP",2007,240,1,1
"ROCKPORT GEORGETOWN HOLDINGS,LP",2008,948,1,1
"ROCKPORT GEORGETOWN HOLDINGS,LP",2011,0,1,0
"ROCKPORT GEORGETOWN HOLDINGS,LP",2012,0,1,0
"ROCKPORT GEORGETOWN HOLDINGS,LP",2013,0,1,0
"ROCKPORT GEORGETOWN HOLDINGS,LP",2014,0,1,0
"ROCKPORT GEORGETOWN HOLDINGS,LP",2015,0,1,0
"ROSENTHAL, STANLEY H.",2005,44,1,1
"ROSENTHAL, STANLEY H.",2006,509,1,1
"ROSENTHAL, STANLEY H.",2007,660,1,1
"ROSENTHAL, STANLEY H.",2008,385,1,1
"ROSENTHAL, STANLEY H.",2009,366,1,1
"ROSENTHAL, STANLEY H.",2010,543,1,1
"ROSENTHAL, STANLEY H.",2011,2555,2,2
"ROSENTHAL, STANLEY H.",2012,2472,2,2
"ROSENTHAL, STANLEY H.",2013,1497,2,2
"ROSENTHAL, STANLEY H.",2014,1566,2,2
"ROSENTHAL, STANLEY H.",2015,826,2,2
"ROSETTA RESOURCES OPERATING LP",2009,16640,1,1
"ROSETTA RESOURCES OPERATING LP",2010,747875,25,22
"ROSETTA RESOURCES OPERATING LP",2011,2333915,78,75
"ROSETTA RESOURCES OPERATING LP",2012,4611213,140,137
"ROSETTA RESOURCES OPERATING LP",2013,5242813,205,202
"ROSETTA RESOURCES OPERATING LP",2014,5812055,258,254
"ROSETTA RESOURCES OPERATING LP",2015,5821434,310,307
"ROSEWOOD RESOURCES, INC.",2015,32481,1,1
"SABALO OPERATING, LLC",2015,127276,2,2
"SABINE OIL & GAS LLC",2013,32806,1,1
"SABINE OIL & GAS LLC",2014,1150009,26,26
"SABINE OIL & GAS LLC",2015,1860162,50,50
"SAGE ENERGY COMPANY",2005,152864,2,2
"SAGE ENERGY COMPANY",2006,72577,7,7
"SAGE ENERGY COMPANY",2007,131471,9,9
"SAGE ENERGY COMPANY",2008,192090,14,14
"SAGE ENERGY COMPANY",2009,85635,14,14
"SAGE ENERGY COMPANY",2010,41556,15,15
"SAGE ENERGY COMPANY",2011,35492,15,15
"SAGE ENERGY COMPANY",2012,50678,16,15
"SAGE ENERGY COMPANY",2013,203807,17,17
"SAGE ENERGY COMPANY",2014,278363,17,17
"SAGE ENERGY COMPANY",2015,67311,16,16
"SAN ISIDRO DEVELOPMENT CO, L. C.",2010,45627,6,6
"SAN ISIDRO DEVELOPMENT CO, L. C.",2011,31336,6,6
"SAN ISIDRO DEVELOPMENT CO, L. C.",2012,62784,6,6
"SAN ISIDRO DEVELOPMENT CO, L. C.",2013,140344,6,6
"SAN ISIDRO DEVELOPMENT CO, L. C.",2014,141829,6,6
"SAN ISIDRO DEVELOPMENT CO, L. C.",2015,85334,6,6
"SANCHEZ OIL & GAS CORPORATION",2009,11516,2,2
"SANCHEZ OIL & GAS CORPORATION",2010,37314,2,2
"SANCHEZ OIL & GAS CORPORATION",2011,118099,7,7
"SANCHEZ OIL & GAS CORPORATION",2012,525265,41,41
"SANCHEZ OIL & GAS CORPORATION",2013,1482399,66,66
"SANCHEZ OIL & GAS CORPORATION",2014,3254271,88,88
"SANCHEZ OIL & GAS CORPORATION",2015,2974469,98,98
"SEA EAGLE FORD, LLC",2010,3868,1,1
"SEA EAGLE FORD, LLC",2011,77720,12,12
"SEA EAGLE FORD, LLC",2012,86239,13,13
"SEA EAGLE FORD, LLC",2013,465346,40,40
"SEA EAGLE FORD, LLC",2014,1777690,47,47
"SEA EAGLE FORD, LLC",2015,1591615,55,55
"SHALE HUNTER, LLC",2012,4266,3,3
"SHALE HUNTER, LLC",2013,51903,3,3
"SHALE HUNTER, LLC",2014,71958,3,3
"SHALE HUNTER, LLC",2015,22035,3,3
"SHARON HUNTER RESOURCES, INC.",2011,397648,12,12
"SHARON HUNTER RESOURCES, INC.",2012,958250,20,20
"SHARON HUNTER RESOURCES, INC.",2013,658334,20,20
"SHARON HUNTER RESOURCES, INC.",2014,404287,20,20
"SHARON HUNTER RESOURCES, INC.",2015,380682,20,20
"SHARON RESOURCES, INC.",2010,28380,3,3
"SHARON RESOURCES, INC.",2011,111044,4,4
"SHARON RESOURCES, INC.",2012,74853,4,4
"SHARON RESOURCES, INC.",2013,61189,4,4
"SHARON RESOURCES, INC.",2014,52741,4,4
"SHARON RESOURCES, INC.",2015,21414,4,4
"SHELL WESTERN E&P",2008,258,1,1
"SHELL WESTERN E&P",2010,1652,2,2
"SHELL WESTERN E&P",2011,313824,25,25
"SHELL WESTERN E&P",2012,1394904,97,97
"SHELL WESTERN E&P",2013,2207434,180,172
"SHELL WESTERN E&P",2014,1922298,179,179
"SHELL WESTERN E&P",2015,2370287,204,204
"SIERRA RESOURCES, LLC",2014,516,1,1
"SIERRA RESOURCES, LLC",2015,12778,1,1
"SILVER TUSK OPERATING CO. LLC",2014,5228,1,1
"SILVER TUSK OPERATING CO. LLC",2015,11970,1,1
"SM ENERGY COMPANY",2010,13810,4,4
"SM ENERGY COMPANY",2011,695196,51,47
"SM ENERGY COMPANY",2012,1645305,128,126
"SM ENERGY COMPANY",2013,2327871,203,198
"SM ENERGY COMPANY",2014,3244931,251,249
"SM ENERGY COMPANY",2015,4049020,367,361
"SN OPERATING, LLC",2012,990,1,1
"SN OPERATING, LLC",2013,102649,2,2
"SN OPERATING, LLC",2014,77316,3,3
"SN OPERATING, LLC",2015,519135,18,16
"SOUTH OIL, INC.",2014,4455,1,1
"SOUTHERN BAY OPERATING, L.L.C.",2011,104975,4,4
"SOUTHERN BAY OPERATING, L.L.C.",2012,778287,20,20
"SOUTHERN BAY OPERATING, L.L.C.",2013,1007057,29,29
"SOUTHERN BAY OPERATING, L.L.C.",2014,455939,29,29
"SOUTHERN BAY OPERATING, L.L.C.",2015,252022,29,29
"ST. MARY LAND & EXPLORATION CO.",2009,30479,8,8
"ST. MARY LAND & EXPLORATION CO.",2010,493912,37,37
"ST. MARY LAND & EXPLORATION CO.",2011,508329,38,37
"ST. MARY LAND & EXPLORATION CO.",2012,263794,38,34
"ST. MARY LAND & EXPLORATION CO.",2013,152098,38,38
"ST. MARY LAND & EXPLORATION CO.",2014,149726,38,36
"ST. MARY LAND & EXPLORATION CO.",2015,91573,37,32
"STATOIL TEXAS ONSHORE PROP LLC",2012,49768,9,9
"STATOIL TEXAS ONSHORE PROP LLC",2013,108308,11,11
"STATOIL TEXAS ONSHORE PROP LLC",2014,926185,32,31
"STATOIL TEXAS ONSHORE PROP LLC",2015,3417528,78,76
"STONEGATE PRODUCTION COMPANY,LLC",2010,34944,14,14
"STONEGATE PRODUCTION COMPANY,LLC",2011,14210,14,14
"STONEGATE PRODUCTION COMPANY,LLC",2012,129710,28,28
"STONEGATE PRODUCTION COMPANY,LLC",2013,290750,33,33
"STONEGATE PRODUCTION COMPANY,LLC",2014,1681866,43,43
"STONEGATE PRODUCTION COMPANY,LLC",2015,1578373,60,60
"STRAND ENERGY, L.C.",2010,4458,2,2
"STRAND ENERGY, L.C.",2011,52549,3,3
"STRAND ENERGY, L.C.",2012,60102,4,4
"STRAND ENERGY, L.C.",2013,102496,7,7
"STRAND ENERGY, L.C.",2014,106763,7,7
"STRAND ENERGY, L.C.",2015,119954,9,9
"SWIFT ENERGY OPERATING, LLC",2009,6659,4,4
"SWIFT ENERGY OPERATING, LLC",2010,271485,54,51
"SWIFT ENERGY OPERATING, LLC",2011,734326,100,90
"SWIFT ENERGY OPERATING, LLC",2012,1656459,138,125
"SWIFT ENERGY OPERATING, LLC",2013,2235217,159,144
"SWIFT ENERGY OPERATING, LLC",2014,2591221,166,148
"SWIFT ENERGY OPERATING, LLC",2015,1351171,177,153
"TALARIA OIL & GAS LLC",2014,1680,1,1
"TALISMAN ENERGY USA INC.",2011,221436,60,58
"TALISMAN ENERGY USA INC.",2012,2573081,147,146
"TALISMAN ENERGY USA INC.",2013,5154575,213,211
"TALISMAN ENERGY USA INC.",2014,6338855,229,225
"TALISMAN ENERGY USA INC.",2015,3096983,242,239
"TANA OIL AND GAS CORPORATION",2010,1128,1,1
"TANA OIL AND GAS CORPORATION",2011,13997,1,1
"TANA OIL AND GAS CORPORATION",2012,1036,1,1
"TANA OIL AND GAS CORPORATION",2013,29,1,1
"TANA OIL AND GAS CORPORATION",2014,6213,1,1
"TANA OIL AND GAS CORPORATION",2015,1441,1,1
"TDC ENGINEERING, INC.",2005,3145,2,2
"TDC ENGINEERING, INC.",2006,12909,3,3
"TDC ENGINEERING, INC.",2007,7272,3,3
"TDC ENGINEERING, INC.",2008,4621,3,3
"TDC ENGINEERING, INC.",2009,2965,3,3
"TDC ENGINEERING, INC.",2010,2277,3,3
"TDC ENGINEERING, INC.",2011,1660,3,3
"TDC ENGINEERING, INC.",2012,1187,3,1
"TDC ENGINEERING, INC.",2013,1166,3,1
"TDC ENGINEERING, INC.",2014,917,3,1
"TDC ENGINEERING, INC.",2015,453,2,1
"TEXAS AMERICAN RESOURCES COMPANY",2010,92511,6,6
"TEXAS AMERICAN RESOURCES COMPANY",2011,72905,10,10
"TEXAS AMERICAN RESOURCES COMPANY",2012,342286,19,19
"TEXAS AMERICAN RESOURCES COMPANY",2013,715833,30,29
"TEXAS AMERICAN RESOURCES COMPANY",2014,886517,45,45
"TEXAS AMERICAN RESOURCES COMPANY",2015,745999,50,50
"TEXAS CRUDE ENERGY, INC.",2008,8721,2,2
"TEXAS CRUDE ENERGY, INC.",2009,16751,2,2
"TEXAS CRUDE ENERGY, INC.",2010,315220,4,4
"TEXAS CRUDE ENERGY, INC.",2011,142579,4,4
"TEXAS CRUDE ENERGY, INC.",2012,79753,4,4
"TEXAS CRUDE ENERGY, INC.",2013,54870,4,4
"TEXAS CRUDE ENERGY, INC.",2014,22777,4,4
"TEXAS CRUDE ENERGY, INC.",2015,59861,4,4
"TEXAS INTERNATIONAL OPER., LLC",2011,154515,15,15
"TEXAS INTERNATIONAL OPER., LLC",2012,439260,15,15
"TEXAS INTERNATIONAL OPER., LLC",2013,563773,17,17
"TEXAS INTERNATIONAL OPER., LLC",2014,733525,22,22
"TEXAS INTERNATIONAL OPER., LLC",2015,276276,22,22
"TEXAS PETROLEUM INVESTMENT CO.",2007,23087,3,3
"TEXAS PETROLEUM INVESTMENT CO.",2008,78955,5,5
"TEXAS PETROLEUM INVESTMENT CO.",2009,92389,6,6
"TEXAS PETROLEUM INVESTMENT CO.",2010,67908,6,6
"TEXAS PETROLEUM INVESTMENT CO.",2011,42977,5,5
"TEXAS PETROLEUM INVESTMENT CO.",2012,41640,4,4
"TEXAS PETROLEUM INVESTMENT CO.",2013,38994,4,4
"TEXAS PETROLEUM INVESTMENT CO.",2014,29055,4,4
"TEXAS PETROLEUM INVESTMENT CO.",2015,31588,5,5
"TEXOZ E&P I, INC.",2011,32988,4,4
"TEXOZ E&P I, INC.",2012,21299,4,4
"TEXOZ E&P I, INC.",2013,118355,6,6
"TEXOZ E&P I, INC.",2014,184692,6,6
"TEXOZ E&P I, INC.",2015,195899,7,7
"TIDAL PETROLEUM, INC.",2010,13960,1,1
"TIDAL PETROLEUM, INC.",2011,98246,9,9
"TIDAL PETROLEUM, INC.",2012,182679,12,12
"TIDAL PETROLEUM, INC.",2013,193262,13,13
"TIDAL PETROLEUM, INC.",2014,222555,14,14
"TIDAL PETROLEUM, INC.",2015,113364,15,15
"TOUCHSTONE RESOURCES USA, INC.",2005,2117,3,3
"TOUCHSTONE RESOURCES USA, INC.",2007,128,3,3
"TOUCHSTONE RESOURCES USA, INC.",2008,2709,3,3
"TOUCHSTONE RESOURCES USA, INC.",2009,776,2,2
"TOUCHSTONE RESOURCES USA, INC.",2010,554,2,2
"TREK RESOURCES, INC.",2012,1609,1,1
"TREK RESOURCES, INC.",2013,1674,1,1
"TREK RESOURCES, INC.",2014,433,1,1
"TREK RESOURCES, INC.",2015,245,1,1
"TRI-C RESOURCES, LLC",2010,0,1,0
"TRI-C RESOURCES, LLC",2011,0,1,0
"TRI-C RESOURCES, LLC",2012,0,1,0
"TRI-C RESOURCES, LLC",2013,0,1,0
"TRI-C RESOURCES, LLC",2014,0,1,0
"TRI-C RESOURCES, LLC",2015,0,1,0
"TRISTAR OIL & GAS",2011,0,1,0
"TRISTAR OIL & GAS",2012,0,1,0
"TRISTAR OIL & GAS",2013,0,1,0
"TRISTAR OIL & GAS",2014,0,1,0
"TRISTAR OIL & GAS",2015,0,1,0
"TT OPERATING, LLC",2015,32925,1,1
"TXCO RESOURCES INC.",2005,31521,7,7
"TXCO RESOURCES INC.",2006,83363,7,7
"TXCO RESOURCES INC.",2007,127791,17,17
"TXCO RESOURCES INC.",2008,335804,31,28
"TXCO RESOURCES INC.",2009,246787,34,32
"TXCO RESOURCES INC.",2010,145336,33,31
"TXCO RESOURCES INC.",2011,183691,30,29
"TXCO RESOURCES INC.",2012,123344,30,28
"TXCO RESOURCES INC.",2013,128274,30,28
"TXCO RESOURCES INC.",2014,81351,29,27
"TXCO RESOURCES INC.",2015,41323,23,23
"U.S. ENERCORP, LTD.",2009,5400,2,2
"U.S. ENERCORP, LTD.",2010,149214,6,6
"U.S. ENERCORP, LTD.",2011,150880,7,7
"U.S. ENERCORP, LTD.",2012,82307,8,8
"U.S. ENERCORP, LTD.",2013,78011,12,12
"U.S. ENERCORP, LTD.",2014,105912,16,16
"U.S. ENERCORP, LTD.",2015,59100,16,16
"U.S. ENERGY DEVELOPMENT CORP",2015,55001,5,5
"UNION GAS OPERATING COMPANY",2010,51089,4,4
"UNION GAS OPERATING COMPANY",2011,81439,4,4
"UNION GAS OPERATING COMPANY",2012,64197,4,4
"UNION GAS OPERATING COMPANY",2013,42322,4,4
"UNION GAS OPERATING COMPANY",2014,81816,4,4
"UNION GAS OPERATING COMPANY",2015,13553,4,4
"UNIT PETROLEUM COMPANY",2007,67,1,1
"UNIT PETROLEUM COMPANY",2008,7,1,1
"UNIT PETROLEUM COMPANY",2009,0,1,0
"UNIT PETROLEUM COMPANY",2010,0,1,0
"UNIT PETROLEUM COMPANY",2011,0,1,0
"UNIT PETROLEUM COMPANY",2012,0,1,0
"UNIT PETROLEUM COMPANY",2013,2,1,1
"UNIT PETROLEUM COMPANY",2014,4,1,1
"UNIT PETROLEUM COMPANY",2015,0,1,0
"URSA OPERATING COMPANY LLC",2013,13215,1,1
"URSA OPERATING COMPANY LLC",2014,52237,1,1
"URSA OPERATING COMPANY LLC",2015,14307,1,1
"VALENCE OPERATING COMPANY",2012,19649,2,1
"VALENCE OPERATING COMPANY",2013,240804,4,4
"VALENCE OPERATING COMPANY",2014,500832,10,10
"VALENCE OPERATING COMPANY",2015,264671,10,10
"VENADO OIL & GAS, LLC",2012,55210,3,3
"VENADO OIL & GAS, LLC",2013,117205,5,5
"VENADO OIL & GAS, LLC",2014,653652,22,22
"VENADO OIL & GAS, LLC",2015,852812,31,31
"VINTAGE PETROLEUM, INC.",2005,182507,11,11
"VINTAGE PETROLEUM, INC.",2006,275995,16,16
"VINTAGE PETROLEUM, INC.",2007,213275,16,16
"VINTAGE PETROLEUM, INC.",2008,160476,16,16
"VINTAGE PETROLEUM, INC.",2009,149668,16,16
"VINTAGE PETROLEUM, INC.",2010,132164,16,16
"VINTAGE PETROLEUM, INC.",2011,117690,16,16
"VINTAGE PETROLEUM, INC.",2012,128389,16,16
"VINTAGE PETROLEUM, INC.",2013,121584,15,15
"VINTAGE PETROLEUM, INC.",2014,106737,16,16
"VINTAGE PETROLEUM, INC.",2015,66090,15,15
"VIRTEX OPERATING COMPANY, INC.",2009,2727,3,3
"VIRTEX OPERATING COMPANY, INC.",2010,1041,3,3
"VIRTEX OPERATING COMPANY, INC.",2011,123876,11,11
"VIRTEX OPERATING COMPANY, INC.",2012,343205,18,18
"VIRTEX OPERATING COMPANY, INC.",2013,350431,24,23
"VIRTEX OPERATING COMPANY, INC.",2014,860928,35,34
"VIRTEX OPERATING COMPANY, INC.",2015,426632,38,37
"VISTAR OIL TEXAS LLC",2013,17115,1,1
"VISTAR OIL TEXAS LLC",2014,29589,1,1
"VISTAR OIL TEXAS LLC",2015,2053,1,1
"WCS OIL & GAS CORPORATION",2008,1342,1,1
"WCS OIL & GAS CORPORATION",2009,2797,1,1
"WCS OIL & GAS CORPORATION",2010,40739,3,3
"WCS OIL & GAS CORPORATION",2011,19024,4,4
"WCS OIL & GAS CORPORATION",2012,13793,5,5
"WCS OIL & GAS CORPORATION",2013,7762,5,5
"WCS OIL & GAS CORPORATION",2014,67641,6,6
"WCS OIL & GAS CORPORATION",2015,107445,7,7
"WEBER ENERGY CORPORATION",2008,1285,1,1
"WEBER ENERGY CORPORATION",2009,76559,5,5
"WEBER ENERGY CORPORATION",2010,243963,6,6
"WEBER ENERGY CORPORATION",2011,116047,8,8
"WEBER ENERGY CORPORATION",2012,109177,8,8
"WEBER ENERGY CORPORATION",2013,60318,7,7
"WEBER ENERGY CORPORATION",2014,80727,9,9
"WEBER ENERGY CORPORATION",2015,162307,10,10
"WELHAUSEN OPERATING COMPANY, LP",2014,516,1,1
"WELHAUSEN OPERATING COMPANY, LP",2015,12778,1,1
"WHITING OIL AND GAS CORPORATION",2005,10143,4,4
"WHITING OIL AND GAS CORPORATION",2006,16504,6,5
"WHITING OIL AND GAS CORPORATION",2007,17461,6,6
"WHITING OIL AND GAS CORPORATION",2008,12147,6,6
"WHITING OIL AND GAS CORPORATION",2009,8304,6,6
"WHITING OIL AND GAS CORPORATION",2010,5732,6,6
"WHITING OIL AND GAS CORPORATION",2011,4024,6,5
"WHITING OIL AND GAS CORPORATION",2012,1585,5,5
"WHITING OIL AND GAS CORPORATION",2013,1216,4,4
"WHITING OIL AND GAS CORPORATION",2014,839,4,4
"WHITING OIL AND GAS CORPORATION",2015,478,4,3
"WHITING PETROLEUM CORPORATION",2005,11,1,1
"WHITING PETROLEUM CORPORATION",2006,8,1,1
"WHITING PETROLEUM CORPORATION",2007,3,1,1
"WHITING PETROLEUM CORPORATION",2008,0,1,0
"WHITING PETROLEUM CORPORATION",2009,0,1,0
"WHITING PETROLEUM CORPORATION",2010,0,1,0
"WHITING PETROLEUM CORPORATION",2011,0,1,0
"WHITING PETROLEUM CORPORATION",2012,0,1,0
"WHITING PETROLEUM CORPORATION",2013,1465,1,1
"WHITING PETROLEUM CORPORATION",2014,6432,1,1
"WHITING PETROLEUM CORPORATION",2015,17,1,1
"WILLIAMS, CLAYTON ENERGY, INC.",2007,6654,2,2
"WILLIAMS, CLAYTON ENERGY, INC.",2008,158746,7,7
"WILLIAMS, CLAYTON ENERGY, INC.",2009,112670,7,7
"WILLIAMS, CLAYTON ENERGY, INC.",2010,292921,26,26
"WILLIAMS, CLAYTON ENERGY, INC.",2011,612276,39,39
"WILLIAMS, CLAYTON ENERGY, INC.",2012,501379,43,43
"WILLIAMS, CLAYTON ENERGY, INC.",2013,461933,50,50
"WILLIAMS, CLAYTON ENERGY, INC.",2014,531257,51,51
"WILLIAMS, CLAYTON ENERGY, INC.",2015,1418408,82,82
"WILLIAMS, CLAYTON W., JR., INC.",2006,7861,1,1
"WILLIAMS, CLAYTON W., JR., INC.",2007,2509,1,1
"WILLIAMS, CLAYTON W., JR., INC.",2008,1816,1,1
"WILLIAMS, CLAYTON W., JR., INC.",2009,1404,1,1
"WILLIAMS, CLAYTON W., JR., INC.",2010,1688,1,1
"WILLIAMS, CLAYTON W., JR., INC.",2011,1506,1,1
"WILLIAMS, CLAYTON W., JR., INC.",2012,1798,1,1
"WILLIAMS, CLAYTON W., JR., INC.",2013,2281,1,1
"WILLIAMS, CLAYTON W., JR., INC.",2014,2526,1,1
"WILLIAMS, CLAYTON W., JR., INC.",2015,909,1,1
"WINN EXPLORATION CO., INC.",2007,13256,2,2
"WINN EXPLORATION CO., INC.",2008,126234,5,5
"WINN EXPLORATION CO., INC.",2009,197821,9,9
"WINN EXPLORATION CO., INC.",2010,118211,12,12
"WINN EXPLORATION CO., INC.",2011,85430,12,12
"WINN EXPLORATION CO., INC.",2012,50104,12,12
"WINN EXPLORATION CO., INC.",2013,31584,12,11
"WINN EXPLORATION CO., INC.",2014,35021,11,11
"WINN EXPLORATION CO., INC.",2015,19959,11,11
"XTO ENERGY INC.",2005,0,1,0
"XTO ENERGY INC.",2006,0,1,0
"XTO ENERGY INC.",2007,0,1,0
"XTO ENERGY INC.",2008,821,1,1
"XTO ENERGY INC.",2009,364,1,1
"XTO ENERGY INC.",2010,144262,10,10
"XTO ENERGY INC.",2011,414282,32,32
"XTO ENERGY INC.",2012,483227,53,51
"XTO ENERGY INC.",2013,591209,60,60
"XTO ENERGY INC.",2014,1091445,60,60
"XTO ENERGY INC.",2015,568995,66,66
"ZAZA ENERGY, LLC",2011,149443,18,18
"ZAZA ENERGY, LLC",2012,710988,24,24
"ZAZA ENERGY, LLC",2013,403261,25,25
"ZAZA ENERGY, LLC",2014,368078,25,25
"ZAZA ENERGY, LLC",2015,161971,25,25
